,0,1
0,1349,Banana
1,1285,Bag of Organic Bananas
2,817,Organic Baby Spinach
3,812,Organic Strawberries
4,628,Organic Hass Avocado
5,545,Organic Avocado
6,460,Large Lemon
7,444,Organic Raspberries
8,433,Strawberries
9,398,Limes
10,377,Organic Whole Milk
11,342,Cucumber Kirby
12,341,Organic Zucchini
13,335,Organic Garlic
14,328,Organic Yellow Onion
15,325,Organic Blueberries
16,284,Organic Lemon
17,281,Apple Honeycrisp Organic
18,275,Seedless Red Grapes
19,274,Clementines
20,273,Organic Fuji Apple
21,272,Organic Grape Tomatoes
22,268,Organic Large Extra Fancy Fuji Apple
23,263,Organic Cucumber
24,257,Organic Baby Carrots
25,252,Organic Gala Apples
26,240,Original Hummus
27,239,Carrots
28,236,Organic Cilantro
29,234,Yellow Onions
30,234,Organic Tomato Cluster
31,233,Organic Baby Arugula
32,232, Organic
33,230,Organic Granny Smith Apple
34,228,Fresh Cauliflower
35,225,Michigan Organic Kale
36,217,Honeycrisp Apple
37,213,Organic Small Bunch Celery
38,213,Hass Avocados
39,211,Organic Blackberries
40,204,Sparkling Water Grapefruit
41,203,Organic Red Onion
42,201,Asparagus
43,194,Spring Water
44,193,Organic Kiwi
45,190,Organic Half & Half
46,187,Organic Italian Parsley Bunch
47,184, Bag
48,181,Red Vine Tomato
49,178,Organic Red Bell Pepper
50,178,Organic Ginger Root
51,175,Raspberries
52,172,Organic D'Anjou Pears
53,171, Bunch
54,169,Green Bell Pepper
55,164,Blueberries
56,162,Organic Unsweetened Almond Milk
57,161,100% Whole Wheat Bread
58,160,Red Peppers
59,156,Half & Half
60,154,Organic Peeled Whole Baby Carrots
61,151,100% Raw Coconut Water
62,150,Boneless Skinless Chicken Breasts
63,148,Small Hass Avocado
64,146,Organic Navel Orange
65,139,Organic Garnet Sweet Potato (Yam)
66,139,Orange Bell Pepper
67,139,Extra Virgin Olive Oil
68,137,Organic Grade A Free Range Large Brown Eggs
69,130,Uncured Genoa Salami
70,127,Broccoli Crown
71,126,Roma Tomato
72,126,Organic Reduced Fat 2% Milk
73,126,Garlic
74,125,2% Reduced Fat Milk
75,124,Organic Carrot Bunch
76,121,Organic Spring Mix
77,121,Grated Parmesan
78,120,Organic Whole String Cheese
79,119,Organic Broccoli
80,119,Jalapeno Peppers
81,118,Organic Roma Tomato
82,117,Bartlett Pears
83,115,Organic Lacinato (Dinosaur) Kale
84,115,Bunched Cilantro
85,114,Unsweetened Almondmilk
86,114,Organic Bartlett Pear
87,113,Sparkling Natural Mineral Water
88,113,Red Onion
89,113,Green Beans
90,113,Grape White/Green Seedless
91,110,Organic Whole Strawberries
92,105,Organic Red Radish
93,105,Lime Sparkling Water
94,104,Total 0% Greek Yogurt
95,103,Pineapple Chunks
96,103,Milk
97,103,Feta Cheese Crumbles
98,102,Shredded Parmesan
99,101,Vanilla Almond Breeze Almond Milk
100,101,Fresh Ginger Root
101,100,Organic Reduced Fat Milk
102,99,Organic Russet Potato
103,98,Romaine Hearts
104,98,Organic Romaine Lettuce
105,98,Organic Broccoli Florets
106,97,Organic Black Beans
107,96,Sweet Onion
108,96,Organic Sticks Low Moisture Part Skim Mozzarella String Cheese
109,96,Granny Smith Apples
110,96,100% Recycled Paper Towels
111,95,Natural Spring Water
112,95,Blackberries
113,94,Large Grapefruit
114,93,Brussels Sprouts
115,92,Organic Large Brown Grade AA Cage Free Eggs
116,91,Organic Spring Mix Salad
117,91,Organic Garbanzo Beans
118,91,Organic Extra Firm Tofu
119,90,Large Alfresco Eggs
120,89,Pure Irish Butter
121,88,Whole Milk
122,88,Unsweetened Original Almond Breeze Almond Milk
123,88,Soda
124,87,Red Raspberries
125,87,Organic Bosc Pear
126,87,Organic Baby Broccoli
127,87,Frozen Organic Wild Blueberries
128,87,Fat Free Milk
129,86,Whipped Cream Cheese
130,86,Green Onions
131,85,Yogurt
132,84,Watermelon Chunks
133,84,Unsalted Butter
134,84,Organic Banana
135,84, Strawberry
136,83,Sharp Cheddar Cheese
137,83,Organic Green Seedless Grapes
138,83,Organic Baby Spinach Salad
139,83,Italian Sparkling Mineral Water
140,82,Unsweetened Vanilla Almond Milk
141,80,Organic Coconut Milk
142,80,Electrolyte Enhanced Water
143,79,Total 0% Nonfat Greek Yogurt
144,79,Organic Yellow Peaches
145,78,Yellow Bell Pepper
146,78,Organic Baby Kale
147,77,Lightly Salted Baked Snap Pea Crisps
148,77,Baby Spinach
149,76,Organic Roasted Turkey Breast
150,75,Sparkling Lemon Water
151,75,Organic Yams
152,75,Organic Basil
153,74,Pure Sparkling Water
154,74,Organic Romaine
155,74,Creamy Almond Butter
156,73,Reduced Fat 2% Milk
157,72,Shredded Mild Cheddar Cheese
158,71,Organic Snipped Green Beans
159,71,Organic Green Cabbage
160,71,Honey Nut Cheerios
161,70,Organic Bell Pepper
162,70,Organic Baby Rainbow Carrots
163,70,Cantaloupe
164,69,Total 2% with Strawberry Lowfat Greek Strained Yogurt
165,69,Organic White Onions
166,69,Organic Hothouse Cucumbers
167,69, Vitamin D
168,68,Russet Potato
169,68,Original Orange Juice
170,68,Organic Old Fashioned Rolled Oats
171,68,Organic Leek
172,68,Organic Jalapeno Pepper
173,68,Organic Celery Hearts
174,67,No Salt Added Black Beans
175,66,Sinfully Sweet Campari Tomatoes
176,66,Peach Pear Flavored Sparkling Water
177,66,Organic Tomato Paste
178,66,Creamy Peanut Butter
179,65,Sustainably Soft Bath Tissue
180,64,Organic Large Green Asparagus
181,64,Organic Large Grade AA Brown Eggs
182,64,Organic Green Leaf Lettuce
183,64,Organic Frozen Peas
184,64,Marinara Sauce
185,64,Globe Eggplant
186,63,Oven Roasted Turkey Breast
187,63,Organic Milk
188,63,Organic Egg Whites
189,63,Organic Bunch Beets
190,63,Organic Bread with 21 Whole Grains
191,63,Ground Turkey Breast
192,62,Original No Pulp 100% Florida Orange Juice
193,62,Organic Unsalted Butter
194,62,Organic Diced Tomatoes
195,62,Organic Butternut Squash
196,62,Gala Apples
197,61,Seedless Cucumbers
198,61,Salted Butter
199,61,Roasted Red Pepper Hummus
200,60,Sugar Snap Peas
201,60,Organic Shredded Carrots
202,60,Organic Heavy Whipping Cream
203,60,Organic American Cheese Singles
204,60,Large Yellow Flesh Nectarine
205,60,Boneless Skinless Chicken Breast
206,59,XL Emerald White Seedless Grapes
207,59,Total 2% All Natural Greek Strained Yogurt with Honey
208,59,Shredded Mozzarella
209,59,Organic Sour Cream
210,59,Organic Grade A Large Brown Eggs
211,59,Heavy Whipping Cream
212,58,Organic Yellow Squash
213,58,Organic Red Delicious Apple
214,58,Organic Extra Virgin Olive Oil
215,57,Organic Thyme
216,57,Organic Raw Kombucha Gingerade
217,57,Organic Low Sodium Chicken Broth
218,57,Mango Chunks
219,57,Icelandic Style Skyr Blueberry Non-fat Yogurt
220,56,Total Greek Strained Yogurt
221,56,Spinach
222,56,Organic Red On the Vine Tomato
223,56,Green Seedless Grapes
224,56,Coconut Water
225,56,Apples
226,55,Packaged Grape Tomatoes
227,55,Organic Tomato Basil Pasta Sauce
228,55,Organic Mexican Blend Finely Shredded Cheese
229,55,Natural Artesian Water
230,55,Lemonade
231,55,Cherubs Heavenly Salad Tomatoes
232,55,Baby Cucumbers
233,54,Water
234,54,Vine Ripe Tomatoes
235,54,Vanilla Skyr Nonfat Yogurt
236,54,Sparkling Mineral Water
237,54,Sour Cream
238,54,Organic Shredded Mozzarella
239,54,Organic Mint
240,54,Organic Fat Free Milk
241,54,Ezekiel 4:9 Bread Organic Sprouted Whole Grain
242,53,Super Spinach! Baby Spinach
243,53,Sea Salt & Vinegar Potato Chips
244,53,Organic Cripps Pink Apples
245,53,Lemon Hummus
246,53,European Cucumber
247,53,English Seedless Cucumber
248,53, Sweet Baby Kale
249,53, Gluten Free
250,53, Baby Bok Choy
251,52,White Corn
252,52,Total 2% All Natural Plain Greek Yogurt
253,52,Roasted Turkey Breast
254,52,Parsley
255,52,Firm Tofu
256,52,Corn Tortillas
257,52,Bing Cherries
258,51,White Onion
259,51,Total 2% Lowfat Greek Strained Yogurt With Blueberry
260,51,Raisin Bran Cereal
261,51,Pure Coconut Water
262,51,Organic Brown Rice
263,51,Orange Juice
264,51,Chicken & Maple Breakfast Sausage
265,51,Bread
266,50,Total 2% Lowfat Greek Strained Yogurt with Peach
267,50,Sweet Kale Salad Mix
268,50,Sparkling Water
269,50,Sea Salt Pita Chips
270,50,Rainbow Bell Peppers
271,50,Organic Beef Hot Dogs
272,50,Organic 2% Reduced Fat Milk
273,50,Mild Salsa
274,50,Hass Avocado
275,50,Blood Oranges
276,49,Unsalted Pure Irish Butter
277,49,Total 2% Greek Strained Yogurt with Cherry 5.3 oz
278,49,Shallot
279,49,Organic Turkey Bacon
280,49,Organic Tomato Sauce
281,49,Organic Original Almond Milk
282,49,Organic Iceberg Lettuce
283,49,Kiwi
284,49,Frozen Broccoli Florets
285,49,Distilled Water
286,48,Total 2% Lowfat Plain Greek Yogurt
287,48,Seedless Small Watermelon
288,48,Organic Salted Butter
289,48,Organic Red Cabbage
290,48,Organic Dill
291,48,Non Fat Raspberry Yogurt
292,48,Bunny-Luv Fresh Organic Carrots
293,47,Uncured Slow Cooked Ham
294,47,Roasted Pine Nut Hummus
295,47,Potato Yukon Gold Organic
296,47,Original Pure Creamy Almond Milk
297,47,Organic Roasted Sliced Chicken Breast
298,47,Organic Italian Salad
299,47,Organic Creamy Peanut Butter
300,47,Orange Sparkling Water
301,47,Diced Tomatoes
302,47,Basil Pesto
303,47,1% Lowfat Milk
304,46,Total 0% Nonfat Plain Greek Yogurt
305,46,Organic Unsweetened Vanilla Almond Milk
306,46,Natural Artisan Water
307,46, Butter
308,45,Sourdough Bread
309,45,Oven Roasted Turkey
310,45,Organic Chicken Broth
311,45,Macaroni & Cheese
312,45,Guacamole
313,45,Gluten Free Whole Grain Bread
314,44,Uncured Hickory Smoked Sunday Bacon
315,44,Organic Summer Strawberry Bunny Fruit Snacks
316,44,Asparation/Broccolini/Baby Broccoli
317,43,Trilogy Kombucha Drink
318,43,Strawberry Rhubarb Yoghurt
319,43,Organic Whole Grassmilk Milk
320,43,Organic Red Grapes
321,43,Organic Lemonade
322,43,Berry Medley
323,43, Bibb) Lettuce
324,42,Original Nooks & Crannies English Muffins
325,42,Organic Whole Grain Wheat English Muffins
326,42,Organic Whipped Naturally Buttery Spread
327,42,Organic Original Hommus
328,42,Organic Baby Bella Mushrooms
329,42,Mini Original Babybel Cheese
330,42,Large Greenhouse Tomato
331,42,Goat Cheese Crumbles
332,42,2% Reduced Fat Organic Milk
333,42, Strained Low-Fat
334,42, Coconut
335,42, 2% Milkfat
336,41,YoKids Squeezers Organic Low-Fat Yogurt
337,41,Toasted Coconut Almondmilk Blend
338,41,Smartwater
339,41,Red Potatoes
340,41,Organic Tortilla Chips
341,41,Organic Sliced Peaches
342,41,Organic Cheese Frozen Pizza
343,41,Organic Butterhead (Boston
344,41,I Heart Baby Kale
345,41,Fridge Pack Cola
346,41,Cola
347,41,Air Chilled Organic Boneless Skinless Chicken Breasts
348,41,ALMONDBREEZE UNSWEETENED
349,40,Total 0% with Honey Nonfat Greek Strained Yogurt
350,40,Tortillas
351,40,Sea Salt Potato Chips
352,40,Organic Small Curd Cottage Cheese
353,40,Organic Medium Salsa
354,40,Organic Large Brown Eggs
355,40,Organic Ketchup
356,40,Organic Extra Large Grade AA Brown Eggs
357,40,Organic Broccoli Crowns
358,39,Vanilla Pure Almond Milk
359,39,Tilapia Filet
360,39,Pretzel Crisps Original Deli Style Pretzel Crackers
361,39,Original Veggie Straws
362,39,Organic Strawberry Smoothie
363,39,Organic Spinach Bunch
364,39,Organic Romaine Hearts
365,39,Organic Red Chard Greens
366,39,Organic Raw Unfiltered Apple Cider Vinegar
367,39,Organic Large Grade A Brown Eggs
368,39,Organic Braeburn Apple
369,39,Liquid Egg Whites
370,39,Kale Greens
371,39,Iceberg Lettuce
372,39,Gourmet Tomato Medley
373,39,Alpine Spring Water
374,39,2% Reduced Fat DHA Omega-3 Reduced Fat Milk
375,38,Organic Uncured Sliced Black Forest Ham
376,38,Organic Sunday Bacon
377,38,Organic Red Potato
378,38,Organic Rainbow Carrots
379,38,Organic Plain Whole Milk Yogurt
380,38,Organic Orange Juice
381,38,Organic Orange Bell Pepper
382,38,Organic Mango
383,38,Italian Extra Virgin Olive Oil
384,38,Flat Parsley
385,38,Chocolate Chip Cookies
386,38,Cereal
387,38,Boneless Skinless Chicken Thighs
388,38,Baby Arugula
389,37,Whole Almonds
390,37,Vanilla Unsweetened Almond Milk
391,37,Trail Mix
392,37,Tomato Ketchup
393,37,Plain Greek Yogurt
394,37,Organic Whole Milk with DHA Omega-3
395,37,Organic Thompson Seedless Raisins
396,37,Organic Romaine Leaf
397,37,Organic Frozen Mango Chunks
398,37,Organic Cut Green Beans
399,37,Organic Chopped Spinach
400,37,Honey Yoghurt
401,37,Gluten Free Dark Chocolate Chunk Chewy with a Crunch Granola Bars
402,37,Blueberry Yoghurt
403,37,Apple Cider Vinegar
404,36,Whole Milk Plain Yogurt
405,36,Vitamin D Organic Whole Milk
406,36,Total 2% All Natural Low Fat 2% Milkfat Greek Strained Yogurt
407,36,Skim Milk
408,36,Roasted & Salted Almonds
409,36,Pineapple
410,36,Organic Whole Cashews
411,36,Organic Nectarine
412,36,Organic Mixed Vegetables
413,36,Organic Lowfat 1% Milk
414,36,Organic English Cucumber
415,36,No Pulp Calcium & Vitamin D Pure Orange Juice
416,36,Natural Premium Coconut Water
417,36,Mint
418,36,Medium Navel Orange
419,36,Fresh CA Grown Eggs
420,36, Apple
421,35,YoKids Blueberry & Strawberry/Vanilla Yogurt
422,35,Whole Wheat Bread
423,35,White Peach
424,35,Supergreens!
425,35,Organic Green Onions
426,35,Organic Good Seed Bread
427,35,Organic Cream Cheese Bar
428,35,Organic Bagged Carrots
429,35,Mini Seedless Cucumbers
430,35,Large Brown Eggs
431,35,Hint Of Sea Salt Almond Nut Thins
432,35,Colby Cheese Sticks
433,35,Baked Aged White Cheddar Rice and Corn Puffs
434,35,Baby Seedless Cucumbers
435,35,Aluminum Foil
436,35,85% Lean Ground Beef
437,35, New England Grown
438,34,Whole Strawberries
439,34,Red Plums
440,34,Red Mango
441,34,Original Whipped Cream Cheese
442,34,Organic Vanilla Extract
443,34,Organic Sea Salt Roasted Seaweed Snacks
444,34,Organic Pinto Beans
445,34,Organic No Salt Added Diced Tomatoes
446,34,Organic Medjool Dates
447,34,Organic Honey Sweet Whole Wheat Bread
448,34,Organic Boneless Skinless Chicken Breast
449,34,Organic Apple Juice
450,34,Light Brown Sugar
451,34,Honeydew Melon
452,34,Green Tea With Ginseng and Honey
453,34,Frozen Organic Blueberries
454,34,Cucumber & Garlic  Tzatziki
455,34,Cream Cheese Spread
456,34,Broccoli Florettes
457,34,Black Plum
458,33,Yukon Gold Potatoes 5lb Bag
459,33,Walnut Halves & Pieces
460,33,Super Greens Salad
461,33,Sparkling Water Berry
462,33,Sliced White Mushrooms
463,33,Real Mayonnaise
464,33,Organic Vegetable Broth
465,33,Organic Muenster Cheese Slices
466,33,Organic Low Sodium Vegetable Broth
467,33,Organic Large Grade AA Omega-3 Eggs
468,33,Organic Golden Delicious Apple
469,33,Organic Fresh Basil
470,33,Organic Cauliflower
471,33,Organic AppleApple
472,33,Organic 1% Low Fat Milk
473,33,Naturals Savory Turkey Breakfast Sausage
474,33,Marinara Pasta Sauce
475,33,Fat Free Skim Milk
476,33,Cauliflower Florets
477,33,0% Greek Strained Yogurt
478,32,Unrefined Virgin Coconut Oil
479,32,Strawberry Preserves
480,32,Red Leaf Lettuce
481,32,Pulp Free Orange Juice
482,32,Penne Rigate
483,32,Organic YoKids Very Berry Smoothies
484,32,Organic Whole Kernel Sweet Corn No Salt Added
485,32,Organic Lactose Free Whole Milk
486,32,Organic Lactose Free 1% Lowfat Milk
487,32,Organic Kale Greens
488,32,Organic Green Beans
489,32,Organic Extra Large Brown Eggs
490,32,Organic Cinnamon Crunch Cereal
491,32,Organic Bunny Fruit Snacks Berry Patch
492,32,Organic Blue Corn Tortilla Chips
493,32,Orange Calcium & Vitamin D Pulp Free
494,32,Low Fat Vanilla Yogurt
495,32,Honeycrisp Apples
496,32,Dressing
497,32,Bicolor Sweet Corn
498,32,Almonds & Sea Salt in Dark Chocolate
499,32, Jersey Sweet Onion
500,32, Italian (Flat)
501,32, Calorie Free
502,31,Whole Organic Omega 3 Milk
503,31,Tomato Paste
504,31,Sliced Black Olives
505,31,Roasted Turkey
506,31,Reduced Fat Milk 100% Lactose Free
507,31,Provolone
508,31,Organic Dark Sweet Cherries
509,31,Organic 21 Grain Thin Sliced Bread
510,31,Natural Chicken & Sage Breakfast Sausage
511,31,Mild Cheddar Cheese Sticks
512,31,Mandarin Oranges
513,31,Grape Tomatoes
514,31,Garlic Hummus
515,31,Fancy Eggplant
516,31,Chicken Pot Pie
517,31,Celery Hearts
518,31,100% Natural Spring Water
519,30,Spaghetti
520,30,Raspberry Yoghurt
521,30,Plain Bagels
522,30,Peach on the Bottom Nonfat Greek Yogurt
523,30,Organic YoKids Smoothie Strawberry Banana Lowfat Yogurt
524,30,Organic Spaghetti Squash
525,30,Organic Rosemary
526,30,Organic Riced Cauliflower
527,30,Organic Raw Multigreen Kobmbucha
528,30,Organic Dark Chocolate Peanut Butter Cups
529,30,Organic Chicken Strips
530,30,Frozen Organic Strawberries
531,30,Crushed Tomatoes
532,30,Cold Brew Coffee
533,30,Cinnamon Rolls with Icing
534,30,Chocolate Ice Cream
535,30,Basil
536,29,Tomatoes
537,29,Smoked Turkey Breast Slices
538,29,Serrano Chile Peppers
539,29,Original Real Vegetable Chips
540,29,Original Hot Sauce
541,29,Organic Vanilla Almond Milk
542,29,Organic Red Potatoes
543,29,Organic Quick Oats
544,29,Organic Green Lentils
545,29,Organic Greek Nonfat Yogurt With Mixed Berries
546,29,Natural Free & Clear Dish Liquid
547,29,Multigrain Tortilla Chips
548,29,Lime
549,29,Green Peas
550,29,Grapefruit Sparkling Water
551,29,Ginger Ale
552,29,Fresh Asparagus
553,29,Crackers
554,29,Collard Greens
555,29,Coke Classic
556,29,Cheese Pizza Snacks
557,29,Boomchickapop Sea Salt Popcorn
558,29,Almond Breeze Original Almond Milk
559,29, Lowfat
560,28,White Sliced Mushrooms
561,28,Traditional Plain Greek Yogurt
562,28,Red Seedless Grapes
563,28,Organic Strawberry Fruit Spread
564,28,Organic Sliced White Mushrooms
565,28,Organic Mountain Forest Amber Honey
566,28,Organic Lite Coconut Milk
567,28,Organic Homestyle Waffles
568,28,Organic Coconut Water
569,28,Organic Apple Slices
570,28,Kiwi Sandia Sparkling Water
571,28,Juice Beverage
572,28,Jalapeno Hummus
573,28,Grade A Large White Eggs
574,28,Gluten Free White Sandwich Bread
575,28,Extra Fancy Unsalted Mixed Nuts
576,28,Dairy Free Unsweetened Coconut Milk
577,28,Curate Cherry Lime Sparkling Water
578,28,Chopped Walnuts
579,28, Kale Apple Ginger Romaine Spinach Cucumber Celery Parsley Lemon
580,28, Cold Pressed
581,27,White Giant Paper Towel Rolls
582,27,Veggie Chips
583,27,Vanilla Milk Chocolate Almond Ice Cream Bars Multi-Pack
584,27,Total 0% Raspberry Yogurt
585,27,Spaghetti Pasta
586,27,Plantain Chips
587,27,Pita Chips Simply Naked
588,27,Organic Sugar Snap Peas
589,27,Organic Simply Naked Pita Chips
590,27,Organic Shredded Mild Cheddar
591,27,Organic Free Range Chicken Broth
592,27,Organic Dijon Mustard
593,27,Organic Crimini Mushrooms
594,27,Organic  Whole Milk
595,27,Non Fat Greek Yogurt
596,27,Naturals Chicken Nuggets
597,27,Medium Cheddar Cheese Block
598,27,Grated Parmesan Cheese
599,27,French Vanilla Creamer
600,27,Fat Free Blueberry Yogurt
601,27,Crackers Cheddar Bunnies Snack Packs
602,27,Cheez-It Cheddar Cracker
603,27,Canola Oil
604,27,Authentic French Brioche
605,27, Corn
606,26,Unsweetened Almond Milk
607,26,Tommy/Kent/Keitt/Haden Mango
608,26,Tomato Sauce
609,26,Sweet Potatoes
610,26,Sweet Potato Yam
611,26,Sonoma Traditional Flour Tortillas 10 Count
612,26,Purified Water
613,26,Peach
614,26,Original Instant Oatmeal
615,26,Organic Rolled Oats
616,26,Organic Rainbow Chard Vegetable
617,26,Organic Milk Reduced Fat
618,26,Organic Macaroni Shells & Real Aged Cheddar
619,26,Organic Low Fat Milk
620,26,Organic Cottage Cheese
621,26,Organic Chicken Bone Broth
622,26,Organic Cherry Tomatoes
623,26,Organic Cherries
624,26,Nonfat Icelandic Style Strawberry Yogurt
625,26,Non Fat Acai & Mixed Berries Yogurt
626,26,Natural Classic Pork Breakfast Sausage
627,26,Mozzarella String Cheese
628,26,Lemon Yogurt
629,26,Leaf Spinach
630,26,Fresh Mozzarella Ball
631,26,Dha Omega 3 Vitamin D Milk
632,26,Crescent Rolls
633,26,Chicken Breast Tenders Breaded
634,26,Celery Sticks
635,26,Broccoli & Cheddar Bake Meal Bowl
636,26,Bok Choy
637,26,Bean & Cheese Burrito
638,26,Authentic French Brioche Hamburger Buns
639,26,Artichokes
640,26,100 Calorie  Per Bag Popcorn
641,25,YoKids Strawberry Banana/Strawberry Yogurt
642,25,Whole Grain Cheddar Baked Snack Crackers
643,25,Thin Crust Pepperoni Pizza
644,25,Sparkling Clementine Juice
645,25,Romaine Lettuce
646,25,Reduced Fat Milk
647,25,Red Grapefruit
648,25,Purity Farms Ghee Clarified Butter
649,25,Panko Bread Crumbs
650,25,Organic Unbleached All-Purpose Flour
651,25,Organic Smoked Turkey Breast
652,25,Organic Mayonnaise
653,25,Organic Kosher Dill Pickles
654,25,Organic Hot House Tomato
655,25,Organic Chicken Stock
656,25,Organic Broccoli Crown
657,25,Mandarins Bag
658,25,Low Fat 1% Milk
659,25,Lactose Free Fat Free Milk
660,25,Kids Organic Chocolate Chip ZBars
661,25,Hummus
662,25,Honey & Maple Turkey Breast
663,25,Grilled Chicken Breast
664,25,Gold Potato
665,25,Fresh Cut Golden Sweet Whole Kernel Corn
666,25,Emmentaler Swiss Slices
667,25,Classic Hummus
668,25,California Veggie Burgers - 4 CT
669,25,Broccoli Florets
670,25,Blackberry Cucumber Sparkling Water
671,25,Apple Sauce
672,25,100% Lactose Free Fat Free Milk
673,25,1% Low Fat Milk
674,24,Yellow Grape Tomatoes
675,24,Vanilla Ice Cream
676,24,Sweet Potato Tortilla Chips
677,24,Sparkling Pomegranate
678,24,Rigatoni Pasta
679,24,Raspberry Preserves
680,24,Pink Lady (Cripps) Apple
681,24,Passionfruit Sparkling Water
682,24,Original Rice Pilaf Mix
683,24,Organic Whole Wheat Bread
684,24,Organic Whipping Cream
685,24,Organic Peeled & Cooked Beets
686,24,Organic Marinara Pasta Sauce
687,24,Organic Fresh Squeezed Orange Juice
688,24,Organic Chicken & Apple Sausage
689,24,Organic Cane Sugar
690,24,Organic Beef Uncured Hot Dogs
691,24,Organic Beans & Rice Cheddar Cheese Burrito
692,24,Large Pineapple Chunks
693,24,Lactose Free 2% Reduced Fat Milk
694,24,Ground Buffalo
695,24,Dried Mango
696,24,Crunchy Oats 'n Honey Granola Bars
697,24,Classic Yellow Mustard
698,24,Cherrios Honey Nut
699,24,Cauliflower
700,24,Cage Free Brown Eggs-Large
701,24,Bananas
702,24,Apple Juice
703,24, Lemon
704,24, Grade A
705,23,Yobaby Organic Plain Yogurt
706,23,Vanilla Almond Breeze
707,23,Tuna Salad
708,23,Strawberry on the Bottom Nonfat Greek Yogurt
709,23,Squeeze Tomato Ketchup
710,23,Smoked Salmon
711,23,Prosciutto
712,23,Plain Goat Milk Yogurt
713,23,Peanut Butter Chocolate Chip Macrobar
714,23,Original Semisoft Cheese
715,23,Original Popcorn
716,23,Original Black Box Tablewater Cracker
717,23,Organic Red Lentils
718,23,Organic Genoa Salami
719,23,Organic Chicken Thighs
720,23,Organic Baby Kale Mix
721,23,Oregano
722,23,Natural Artesian Bottled Water
723,23,Naked Green Machine Boosted Juice Smoothie
724,23,Mineral Water
725,23,Mache Rosettes French Salad Mix
726,23,Grassmilk 2% Reduced Fat Milk
727,23,Go Lean Cereal
728,23,Gluten Free Chocolate Chip Cookies
729,23,Frozen Peaches
730,23,Four Cheese Pasta Sauce
731,23,Disinfecting Wipes
732,23,Crunchy Peanut Butter Energy Bar
733,23,Cold-pressed
734,23,Celery
735,23,Butternut Squash
736,23,Blueberry on the Bottom Nonfat Greek Yogurt
737,23,Aged White Cheddar Baked Rice & Corn Puffs Gluten Free Lunch Packs
738,23, White
739,23, Deliciously Hydrating Watermelon Water
740,22,Whole Milk Ricotta Cheese
741,22,Uncured Pepperoni
742,22,Tortilla Chips
743,22,Sparkling Blackberry Juice
744,22,Soft Potato Bread
745,22,Slim Can Pink Grapefruit Natural Mineral Water
746,22,Select-A-Size Paper Towels
747,22,Pure Baking Soda
748,22,Prosciutto Di Parma
749,22,Premium Pure Cane Granulated Sugar
750,22,Pomegranate
751,22,Pitted Prunes
752,22,Pesto Tortellini  Bowls
753,22,Organic Stringles Mozzarella String Cheese
754,22,Organic Seasoned Yukon Select Potatoes Hashed Browns
755,22,Organic Plain Greek Whole Milk Yogurt
756,22,Organic Long Grain White Rice
757,22,Organic Lightly Salted Brown Rice Cakes
758,22,Organic Fuji Apples
759,22,Organic Free Range Low Sodium Chicken Broth
760,22,Organic Creamy Tomato Soup
761,22,Organic Blueberry Waffles
762,22,No Pulp Calcium & Vitamin D Pure Premium 100% Pure Orange Juice
763,22,Multigrain Oat Bread
764,22,Monterey Jack Cheese
765,22,Mixed Fruit Fruit Snacks
766,22,Minneola Tangelo
767,22,Mini Babybel Light Semisoft Edam Cheeses
768,22,Lowfat Vanilla Yogurt
769,22,Low Fat Plain Yogurt
770,22,Light Semisoft Cheese
771,22,Lemon Sparkling Water
772,22,Ice Cream Sandwiches Vanilla
773,22,Fat Free Strawberry Yogurt
774,22,Dha Omega 3 Reduced Fat 2% Milk
775,22,Dark Chocolate Pretzels with Sea Salt
776,22,Cran Raspberry Sparkling Water
777,22,Coconut Yoghurt
778,22,Classic White Bread
779,22,Chopped Organic Garlic
780,22,Cherry Pomegranate Greek Yogurt
781,22,Black Beans
782,22,Angel Hair Pasta
783,22, Original
784,22, Classic
785,21,YoBaby Peach Pear Yogurt
786,21,Wild Berry Smoothie
787,21,White Cheddar Popcorn
788,21,Vanilla Skyr Style Yogurt
789,21,Tzatziki
790,21,Turmeric Root
791,21,Tall Kitchen Drawstring Bags
792,21,Sweet Corn On The Cob
793,21,Sour Cream & Onion Potato Chips
794,21,Seven Grain Crispy Tenders
795,21,Saltine Crackers
796,21,Root Beer
797,21,Organic Whole Milk Strawberry Beet Berry Yogurt Pouch
798,21,Organic Wheat-Free & Gluten-Free Original Crackers
799,21,Organic Stoneground Wheat Crackers
800,21,Organic Short Grain Brown Rice
801,21,Organic Jasmine Rice
802,21,Organic Greek Plain Nonfat Yogurt
803,21,Organic Garbanzo Beans No Salt Added
804,21,Moroccan Mint Green Tea
805,21,Minced Garlic
806,21,Meyer Lemon
807,21,Kids Sensible Foods Broccoli Littles
808,21,Icelandic Style Fat Free Plain Yogurt
809,21,Green Cabbage
810,21,Grade AA Large White Eggs
811,21,Gallon Freezer Bags
812,21,Freshly Squeezed Orange Juice
813,21,Flaky Biscuits
814,21,Eggo Homestyle Waffles
815,21,Dried Sweetened Cranberries
816,21,Diet Coke
817,21,Dairy-Free Chive Cream Cheese
818,21,Coconut Yogurt
819,21,Cinnamon Raisin Bread
820,21,Cabernet Sauvignon
821,21,93% Ground Beef
822,21,100% Recycled 2 Ply Jumbo Paper Towel Roll
823,20,ZBar Organic Chocolate Brownie Energy Snack
824,20,Yotoddler Organic Pear Spinach Mango Yogurt
825,20,Yellow Straightneck Squash
826,20,White Sandwich Bread
827,20,Vitamin D Milk
828,20,Vanilla Soy Creamer
829,20,Unsalted Cultured Butter
830,20,Uncured Black Forest Ham
831,20,Thin & Light Tortilla Chips
832,20,Sweet Potato Fries with Sea Salt
833,20,Sweet Baguette
834,20,Shredded Sharp Cheddar Cheese
835,20,Reduced Fat Chocolate Milk
836,20,Pure & Natural Sour Cream
837,20,Peanut Butter Chocolate Chip Fruit & Nut Food Bar
838,20,Organic Whole Wheat Fusilli
839,20,Organic White Cheddar Popcorn
840,20,Organic Vanilla Soymilk
841,20,Organic Tahini
842,20,Organic Sweet Onion
843,20,Organic String Cheese
844,20,Organic Spaghetti Pasta
845,20,Organic Refined Coconut Oil
846,20,Organic Peach Lowfat Yogurt
847,20,Organic Mango Chunks
848,20,Organic Homogenized Whole Milk
849,20,Organic Greek Lowfat Yogurt With Strawberries
850,20,Organic Greek Lowfat Yogurt With Blueberries
851,20,Organic Crushed Fire Roasted Tomatoes
852,20,Organic Air Chilled Whole Chicken
853,20,Mini Cucumbers
854,20,Lowfat Small Curd Cottage Cheese
855,20,Lactose Free Half & Half
856,20,Kombucha
857,20,Just Mayo
858,20,Juice
859,20,Honey Greek Yogurt
860,20,Hass Avocado Bag
861,20,Gluten Free Peanut Butter Dark Chocolate Chewy With a Crunch Granola Bars
862,20,GOLEAN Crunch! Cereal
863,20,Frosted Mini-Wheats Original Cereal
864,20,Enlightened Organic Raw Kombucha
865,20,Cream Top Smooth & Creamy Vanilla Yogurt
866,20,Citrus Mandarins Organic
867,20,Cheese Pizza
868,20,Cheese
869,20,Cane Sugar
870,20,Cage Free  100% Liquid Egg Whites
871,20,Butternut Squash Ravioli
872,20,Apple Pie Fruit & Nut Food Bar
873,20,Apple Cinnamon Instant Oatmeal
874,20,Almond Milk Strawberry Yogurt
875,20,Almond Milk Peach Yogurt
876,20,100% Recycled Bathroom Tissue
877,20,100% Pure Apple Juice
878,20,100% Apple Juice
879,20, Organic Raw
880,20, Caffeine Free
881,20, 97% Fat Free
882,19,Zero Calorie Cola
883,19,YoBaby Blueberry Apple Yogurt
884,19,Whole Wheat English Muffins
885,19,White English Muffins
886,19,Vitamin D Whole Milk
887,19,Vanilla Blueberry Clusters With Flax Seeds Granola
888,19,Vanilla 0% Milkfat Yogurt
889,19,Turkey Bacon
890,19,Thyme
891,19,Tangerine
892,19,Synergy Organic & Raw Cosmic Cranberry
893,19,Strawberry Rhubarb Yogurt
894,19,Steel Cut Oats
895,19,Spaghetti  No 12
896,19,Soy Free Buttery Spread
897,19,Sliced Beets No Salt Added
898,19,Russet Potatoes
899,19,Raisins
900,19,Pad Thai
901,19,Organic Zucchini Spirals
902,19,Organic Plain Kefir
903,19,Organic Peach Oo La Long Tea
904,19,Organic Multigrain Waffles
905,19,Organic Milk Chocolate Peanut Butter Cups
906,19,Organic Greek Whole Milk Blended Vanilla Bean Yogurt
907,19,Organic Eggs Large
908,19,Organic Edamame
909,19,Organic Cannellini Beans
910,19,Organic Berry Blend
911,19,Organic Apple Banana GoGo Squeez
912,19,Organic & Raw Strawberry Serenity Kombucha
913,19,Oreo Chocolate Sandwich Cookies
914,19,Oats & Honey Granola
915,19,Oats & Honey Gluten Free Granola
916,19,Milk Chocolate Almonds
917,19,Mexican Finely Shredded Cheese
918,19,Lowfat Milk
919,19,Large Grade AA Eggs
920,19,Kitchen Cheese Enchilada
921,19,Icelandic Style Skyr Non-Fat Strained Plain Yogurt
922,19,Hazelnut Spread With Skim Milk & Cocoa
923,19,Half And Half Cream
924,19,Good Seed Organic Thin Sliced Bread
925,19,Garlic Powder
926,19,Deli Fresh Honey Ham
927,19,Crunchy Peanut Butter
928,19,Crunchy Almond Butter
929,19,Cream Top Smooth & Creamy Maple Yogurt
930,19,Cotton Swabs
931,19,Cola Soda
932,19,Coconut Fruit Bars
933,19,Classic Soda
934,19,Cheddar Puffs
935,19,Beyond Beef Beefy Crumble
936,19,Bathroom Tissue
937,19,Artisan Sausage Pineapple Uncured Bacon Hardwood Smoked with Vermont Maple Syrup
938,19,Arancita Rossa
939,19,Air Chilled Breaded Chicken Breast Nuggets
940,19,100% Cranberry Juice
941,19,1 Liter
942,19, Vegan
943,19, Naturally Flavored Zero Calorie Soda
944,19, Double Rolls
945,18,Whole White Mushrooms
946,18,Whole Grains Oatnut Bread
947,18,Whole Grain Oat Cereal
948,18,Wheat Gluten Free Waffles
949,18,VitaminWater Zero™ XXX Acai Blueberry Pomegranate
950,18,Total 0% Blueberry Acai Greek Yogurt
951,18,Soft Pretzel Mini Buns
952,18,Shredded Hash Browns
953,18,Sensible Foods Kale Veggie Burgers - 4 CT
954,18,Sea Salt Fine Crystals
955,18,Salted Tub of Butter
956,18,Salted Sweet Cream Butter
957,18,Rosemary & Olive Oil Quinoa Blend
958,18,Protein Bar
959,18,Premium Unsweetened Iced Tea
960,18,Pomegranate Arils
961,18,Poblano Pepper
962,18,Plain Mini Bagels
963,18,Pizza Sauce
964,18,Pink Lady Apples
965,18,Philadelphia Original Cream Cheese
966,18,Peeled Garlic
967,18,Original Strawberry Low Fat Yogurt
968,18,Organic White Basmati Rice
969,18,Organic Super Fruit Punch Juice Drink
970,18,Organic Peeled Garlic
971,18,Organic Mint Bunch
972,18,Organic Ground Black Pepper
973,18,Organic Beef Broth
974,18,Oranges
975,18,Old Fashioned Rolled Oats
976,18,New Mexico Taco Skillet Sauce For Chicken
977,18,Mini Seedless Watermelon Pack
978,18,Mayonnaise
979,18,Lowfat Key Lime Yogurt
980,18,Low Sodium Bacon
981,18,Lemon Verbena Dish Soap
982,18,Lemon Lime Soda
983,18,Kidz All Natural Baked Chicken Nuggets
984,18,Jalapeno Potato Chips
985,18,Instant Oatmeal Variety Pack
986,18,Goldfish Cheddar Baked Snack Crackers
987,18,Goat Cheese Log
988,18,Garlic Couscous
989,18,Fully Husked & Trimmed Super Sweet Corn
990,18,Freshly Made. Filled with Creamy Ricotta
991,18,Free & Clear Unscented Baby Wipes
992,18,Four Cheese Thin Crust Pizza
993,18,Ezekiel 4:9 Sprouted Grain Tortillas
994,18,Dark with 70% Cacao Content Organic Chocolate Bar
995,18,Crispy Wheat
996,18,Cream Top Smooth & Creamy Plain Yogurt
997,18,Crackers Harvest Whole Wheat
998,18,Country Cheddar Bowl
999,18,Cheddar Bunnies Snack Crackers
1000,18,Cage Free Large White Eggs
1001,18,Bunny Pasta with Yummy Cheese Macaroni & Cheese
1002,18,Blood Orange Italian Soda
1003,18,Black Seedless Grapes
1004,18,Beefsteak Tomatoes
1005,18,Backyard Barbeque Potato Chips
1006,18,Baby Portabella Mushrooms
1007,18,Avocado Roll
1008,18,Ancient Grain Original Granola
1009,18,100% Recycled Bath Tissue Rolls
1010,18, Crackers
1011,18, 98% Fat Free
1012,17,World Cuisine Certified Halal Chicken Tikka Masala With Basmati Rice
1013,17,White Corn Tortillas
1014,17,Traditional Hummus
1015,17,Tonic Water
1016,17,Thick Medium Cheddar Slices
1017,17,Taco Seasoning
1018,17,Sweet Onions
1019,17,Sprouted Multi-Grain Bread
1020,17,Spinach Peas & Pear Stage 2 Baby Food
1021,17,Sliced Baby Bella Mushrooms
1022,17,Shredded Mexican Blend Cheese
1023,17,Roasted Sesame Seaweed Snacks
1024,17,Roasted Salted Cashews
1025,17,Pure Water
1026,17,Plain Whole Milk Yogurt
1027,17,Plain Pre-Sliced Bagels
1028,17,Peanut Butter Bar
1029,17,Original Sauce
1030,17,Organic Yokids Lemonade/Blueberry Variety Pack Yogurt Squeezers Tubes
1031,17,Organic Whole Peeled Tomatoes
1032,17,Organic Sprouted Wheat Bagels
1033,17,Organic Reduced Fat Omega-3 Milk
1034,17,Organic Penne Rigate
1035,17,Organic Orzo
1036,17,Organic Orange Fruit Juice
1037,17,Organic Guacamole
1038,17,Organic Greek Whole Milk Blended Strawberry Yogurt
1039,17,Organic Avocados
1040,17,Organic 1% Milk
1041,17,Mango Yoghurt
1042,17,Mandarin Orange Crispy Chick'n
1043,17,Lowfat Blueberry Yogurt
1044,17,Lemon Verbena Hand Soap
1045,17,Lacinato Kale Og
1046,17,Kumato Tomatoes
1047,17,Heirloom Tomato
1048,17,Grass Fed Ground Beef
1049,17,Goodness Grapeness Organic Juice Drink
1050,17,Gluten Free SpongeBob Spinach Littles
1051,17,Gluten Free 7 Grain Bread
1052,17,Garlic & Fine Herbs Gournay Cheese
1053,17,Garbanzo Beans
1054,17,Fresh Whole White Mushrooms
1055,17,Fresh Mozzarella Snacking Cheese
1056,17,Creamy Deluxe Shells & Real Aged Cheddar Sauce
1057,17,Canned Aranciata Orange
1058,17,Cafe Latte Pure Lightly Sweetened Iced Coffee With Almond Milk
1059,17,Bunched Carrots
1060,17,Bar
1061,17,Bag of Jumbo Yellow Onions
1062,17,Baby Food Stage 2 Blueberry Pear & Purple Carrot
1063,17,Authentic Red Curry Paste
1064,17,Applewood Smoked Bacon
1065,17,Almond Milk Blueberry Yogurt
1066,17,6 OZ LA PANZANELLA CROSTINI ORIGINAL CRACKERS
1067,17, Whole Peeled
1068,17, Toffee & Almonds in Milk Chocolate
1069,17, Egg
1070,16,Wild Non-Pareil Capers
1071,16,White Nectarine
1072,16,Vegetarian Organic Golden Corn
1073,16,Vegan Aged White Cheddar Flavor Puffs
1074,16,Vanilla Bean Light Ice Cream
1075,16,Ultra Soft Facial Tissues
1076,16,Synergy Organic Kombucha Gingerberry
1077,16,Sweet Cream Salted Butter
1078,16,Strawberry Organic Kefir
1079,16,Sparkling Peach Nectarine Soda
1080,16,Snow Peas
1081,16,Sicilian Pistachio
1082,16,Shredded Mozzarella Cheese
1083,16,Seedless Watermelon
1084,16,Sea Salt Made With Organic Grain Rice Chips
1085,16,Scoops! Tortilla Chips
1086,16,Salt & Pepper Krinkle Chips
1087,16,Raw Shrimp
1088,16,Ravioli
1089,16,Presliced Everything Bagels
1090,16,Popcorn
1091,16,Pita Chips
1092,16,Pineapple Apple Mint Organic Cold Pressed Juicd
1093,16,Philadelphia Cream Cheese Spread
1094,16,Peach Yoghurt
1095,16,Original Coconut Milk Creamer
1096,16,Original Coconut Milk Beverage
1097,16,Organic Strawberry Yogurt & Fruit Snack
1098,16,Organic Strawberry Lemonade
1099,16,Organic Strawana Probugs Kefir
1100,16,Organic Simply Stock Unsalted Chicken Stock
1101,16,Organic Russet Potato Bag
1102,16,Organic Raspberry Lowfat Yogurt
1103,16,Organic Mini Sandwich Crackers Cheddar Cheese
1104,16,Organic Lowfat Yogurt Banana Vanilla
1105,16,Organic Low Fat Cottage Cheese
1106,16,Organic Light Agave Nectar
1107,16,Organic Greek Fat Free Plain Yogurt
1108,16,Organic Fancy Shredded Mozzarella Cheese
1109,16,Organic Ezekiel 4:9 Sesame Bread
1110,16,Organic Blueberries Clamshell
1111,16,Mozzarella Cheese
1112,16,Mixed Berries Whole Milk Icelandic Style Skyr Yogurt
1113,16,Mild Salsa Roja
1114,16,Margherita Pizza
1115,16,Low-Fat Mango on the Bottom Greek Yogurt
1116,16,Light & Lean Spinach Lasagna
1117,16,Honey Turkey Breast
1118,16,Honey Bunches of Oats Honey Roasted with Almonds Cereal
1119,16,Harvest Cheddar Multigrain Chips
1120,16,Hand Picked Pomegranate Seeds/Arils
1121,16,Grilled Chicken Taquitos
1122,16,Grilled Chicken Breast Strips
1123,16,Grade A Large Eggs Cage Free Omega 3
1124,16,Gluten Free Pretzel Sticks
1125,16,Flax Plus Organic Pumpkin Flax Granola
1126,16,Everything Bagels
1127,16,Diet Coke Soda
1128,16,Dairy Free Mozarella Style Shreds
1129,16,Cut Hearts Of Palm
1130,16,Cut & Peeled Baby Carrots
1131,16,Corn Chips
1132,16,Club Soda
1133,16,Classic Round Crackers
1134,16,Classic Hummus Family Size
1135,16,Chopped Spinach
1136,16,Chocolate Sandwich Cookies
1137,16,Chicken Flavor Ramen Noodle Soup
1138,16,Chicken Broth
1139,16,Cheddar Snack Crackers Cheddar Bunnies
1140,16,Butter with Olive Oil & Sea Salt
1141,16,Bunny-Luv Organic Carrots
1142,16,Blueberry Muffin Bar
1143,16,Black Raspberry Sparkling Water Drink
1144,16,Almond Milk Hazelnut Creamer
1145,16,All Whites 100% Egg Whites
1146,16,100% Grated Parmesan Cheese
1147,16, Sunkissed in the Mediterranean
1148,16, No Salt Added
1149,16, Citrus
1150,15,with Crispy Almonds Cereal
1151,15,Yo Baby Organic Whole Milk Banana Mango Yogurt
1152,15,Whole Vitamin D Milk
1153,15,Whole Hearts of Palm
1154,15,Watercress
1155,15,Vegan Chao Creamy Original Cheese Slices
1156,15,Vanilla Almond Milk Yogurt
1157,15,Unsweetened Pure & Smooth  Green Tea
1158,15,Uncured Beef Hot Dogs
1159,15,Traditional Refried Beans
1160,15,Thin Crust Margherita Pizza with Fresh Mozzarella & Basil
1161,15,Sweet Red Grape Tomatoes
1162,15,Super Soft Taco Flour Tortillas
1163,15,Strawberry Ice Cream
1164,15,Sourdough Baguette
1165,15,Shoestring Fries
1166,15,Shells & Real Aged Cheddar Macaroni & Cheese
1167,15,Roasted Garlic Hummus
1168,15,Ripe Large Pitted Olives
1169,15,Premium Epsom Salt
1170,15,Pizza Poppers
1171,15,Petite Brussels Sprouts
1172,15,Original Whole Fat Lactose Free Milk
1173,15,Original Rice Krispies Treats
1174,15,Original Citrus Sparkling Flavored Soda
1175,15,Organic YoBaby Vanilla Yogurt
1176,15,Organic Whole Milk French Vanilla Yogurt
1177,15,Organic Shells And White Cheddar
1178,15,Organic Red Bartlett Pear
1179,15,Organic Purple Kale
1180,15,Organic Nonfat Greek Yogurt With Peaches
1181,15,Organic Lori's Lemon Tea
1182,15,Organic Hummus
1183,15,Organic Greek Lowfat Yogurt With Cherries
1184,15,Organic Gluten Free Buckwheat Wildberry Waffles
1185,15,Organic Distilled White Vinegar
1186,15,Organic Cinnamon Harvest Cereal
1187,15,Organic Chicken Noodle Soup
1188,15,Organic Canola Oil
1189,15,Organic Bunny Fruit Tropical Treat Fruit Snacks
1190,15,Organic Black Plum
1191,15,Organic Biologique Limes
1192,15,Organic Avocados Hass Variety
1193,15,Organic Australian Style Vanilla Lowfat Yogurt
1194,15,Organic 90% Ground Beef
1195,15,Natural Free & Clear Dishwasher Detergent Packs
1196,15,Muffins
1197,15,Mandarin Clementine  Bag
1198,15,Low-Fat Strawberry Banana on the Bottom Greek Yogurt
1199,15,Low Fat Strawberry Yogurt Tubes
1200,15,Light Sour Cream
1201,15,Lavender Hand Soap
1202,15,Lactose Free Plain Kefir
1203,15,Healthy Grains Oats & Honey Clusters with Toasted Coconut Gluten Free
1204,15,Hardwood SmokedCenter Cut Original Bacon
1205,15,Grilled Chicken Strips
1206,15,Golden Pineapple
1207,15,Glory's Sweet Cherry Tomatoes
1208,15,Fruit Punch Sports Drink
1209,15,Fresh Dill
1210,15,French Roast Ground Coffee
1211,15,Florida Orange Juice With Calcium & Vitamin D
1212,15,Extra Ginger Brew Jamaican Style Ginger Beer
1213,15,Dried Mangos
1214,15,Dishwasher Gel Free & Clear
1215,15,Deli Fresh Honey Smoked Turkey Breast
1216,15,Curate Melon Pomelo Sparking Water
1217,15,Country Potato Bread
1218,15,Comice Pear
1219,15,Classic Chicken Salad
1220,15,Chicken Noodle Soup
1221,15,Chicken Base
1222,15,Chicken & Apple Breakfast Sausage
1223,15,Cage Free Grade A Large Brown Eggs
1224,15,Brown Eggs
1225,15,Boneless Skinless Chicken Breast Fillets
1226,15,Blue Cheese Crumbles
1227,15,Black Beans No Salt Added
1228,15,Beef Franks
1229,15,Baked Caesar Snapea Crisps
1230,15,Baked Beans
1231,15,Apple Cinnamon GoGo Squeez
1232,15,100% Pure Pumpkin
1233,15, Three Cheese
1234,15, Simply Naked
1235,15, Mini & Mobile
1236,15, Flax
1237,15, Fat Free
1238,15, California
1239,15, 2 Huge Rolls = 5 Regular Rolls  Towels/Napkins
1240,14,Zen Tea
1241,14,Yoghurt Blueberry
1242,14,Veri Veri Teriyaki Marinade & Sauce
1243,14,Unsweetened Coconut Milk Beverage
1244,14,Unsweetened Cashew Milk
1245,14,Uncured
1246,14,USDA AA Extra Large Eggs
1247,14,Turkey Bar
1248,14,Total Plain Greek Strained Yogurt
1249,14,Tomato Kumato
1250,14,Sparkling Natural Spring Water
1251,14,Snacks Mango
1252,14,Small Macintosh Apple
1253,14,Rosemary Mini Croccantini
1254,14,Pub Mix
1255,14,Plain Bagelettes
1256,14,Pitted Dates
1257,14,Pinto Beans No Salt Added
1258,14,Pink Lady Apple Kombucha
1259,14,Penne Rigate #41 Pasta
1260,14,Penne Pasta
1261,14,Peanut Butter Cookie
1262,14,Peaches
1263,14,Original Soy Milk
1264,14,Original Rotisserie Chicken
1265,14,Original Multigrain Spoonfuls Cereal
1266,14,Original Hawaiian Sweet Rolls
1267,14,Original Enriched Rice Drink
1268,14,Original Cereal
1269,14,Original Almondmilk
1270,14,Organic Yukon Gold Potato
1271,14,Organic Whole White Mushrooms
1272,14,Organic Whole Wheat Sourdough Bread
1273,14,Organic Whole Crimini Mushrooms
1274,14,Organic Stage 4 Spinach Mango & Pear Baby Food
1275,14,Organic Soy Tempeh
1276,14,Organic Snack Mix Bunnies Snack Mix
1277,14,Organic Sea Salt Potato Chips
1278,14,Organic Mixed Berry Yogurt & Fruit Snack
1279,14,Organic Lowfat Plain Yogurt
1280,14,Organic Lowfat Black Cherry Yogurt
1281,14,Organic Low Sodium Chicken Cooking Stock
1282,14,Organic Low Fat Chocolate Milk
1283,14,Organic Fat-Free Milk
1284,14,Organic Chocolate Almondmilk Pudding
1285,14,Organic Chives
1286,14,Organic California Style Sprouted Bread
1287,14,Organic Baby Romaine Lettuce
1288,14,Organic 85% Cacao Dark Chocolate Bar
1289,14,Olives
1290,14,Nutritional Yeast Seasoning
1291,14,Nutri Grain Bars Multi Pack
1292,14,Mint Chip
1293,14,Mini Watermelon
1294,14,Milk and Cookies Ice Cream
1295,14,Mild Cheddar Cheese
1296,14,Medium Salsa Roja
1297,14,Major Dickason's Blend Ground Coffee Dark Roast
1298,14,Macaroni Shells & White Cheddar Cheese
1299,14,Lowfat 2% Milkfat Cottage Cheese
1300,14,Lime Slim Can
1301,14,Lemon Cayenne Agave Cold Pressed Juice Beverage
1302,14,Lactose Free Yogurt Plain
1303,14,Lactose Free Low Fat Vanilla Yogurt
1304,14,Kale
1305,14,Hot Dog Buns
1306,14,Honey Wheat Bread
1307,14,Honey Bunches of Oats Honey Roasted Cereal
1308,14,Hommus Classic Original
1309,14,Hint of Lime Flavored Tortilla Chips
1310,14,Hass Avocado Variety
1311,14,Half Baked® Ice Cream
1312,14,Ground Black Pepper
1313,14,Grade A Extra Large Eggs
1314,14,Go Lean Crunch! Honey Almond Flax Cereal
1315,14,Gluten-Free Red Hot Blues Made with Organic Blue  Corn Tortilla Chips
1316,14,Gluten Free Pretzel Twists
1317,14,Gluten Free Blueberry Waffles
1318,14,Frosted Flakes
1319,14,Energy Drink
1320,14,Electrolyte Water
1321,14,Dairy Free Unsweetened Vanilla Coconut Milk
1322,14,Country Stand Juice
1323,14,Cold-Brew Black Coffee
1324,14,Club Delight Sausage
1325,14,Classic Almond Butter
1326,14,Chocolate Peanut Butter Ice Cream
1327,14,Chocolate Lowfat Milk
1328,14,Chocolate Chip
1329,14,Cherry Pie Fruit & Nut Bar
1330,14,Butterhead Lettuce
1331,14,Boneless Chicken Breast
1332,14,Bolthouse Baby Carrots
1333,14,Barista Blend Pure Almond Milk
1334,14,Baby Spring Mix
1335,14,Baby Bok Choy
1336,14,Ataulfo Mango
1337,14,Americone Dream® Ice Cream
1338,14,All Natural Virgin Lemonade
1339,14,All Natural Marinara Sauce
1340,14,All Natural Apricot Sparkling Water
1341,14,Active Dry Yeast
1342,14,9 Inch Plates
1343,14,2-Ply Right Size 100% Recycled Paper Towels
1344,14,2-Ply 100% Recycled Bathroom Tissue
1345,14,100% Recycled White Paper Towels
1346,14, Spinach & Cheese
1347,14, Sea Salt
1348,14, Original Recipe
1349,14, No Sugar
1350,14, Medium Pulp
1351,14, Hope
1352,14, Hickory Smoked Bacon
1353,14, Almond + Cranberry
1354,14, & Cheese Sandwiches
1355,13,Zero Vitamin Water
1356,13,Wild Albacore Tuna No Salt Added
1357,13,Traditional Chicken Noodle Soup
1358,13,Toll House Semi-Sweet Chocolate Morsels
1359,13,Toasted Sesame Seed Oil
1360,13,Tart Cherry Yoghurt
1361,13,Sweet Rejuvenation Cashew Butter Macrobar
1362,13,Super Seed Crispy Crackers
1363,13,Strawberry and Banana Fruit Puree
1364,13,Spicy Avocado Hummus
1365,13,Soft 10 Grain Bread
1366,13,Sesame Roasted Seaweed Snacks
1367,13,Ruby Red Grapefruit
1368,13,Roasted Almond Butter
1369,13,Ranch Dressing
1370,13,Pure Almond Unsweetened Original Almond Milk
1371,13,Pomegranate Seeds
1372,13,Pineapple Spears
1373,13,Peppered Turkey Jerky
1374,13,Peanut Butter Protein Replenishment Macrobar
1375,13,Peanut Butter Creamy With Salt
1376,13,Original Restaurant Style Tortilla Chips
1377,13,Original Baked Whole Grain Wheat Crackers
1378,13,Organic Yellow Mustard
1379,13,Organic Whole Wheat Penne Rigate
1380,13,Organic Wheat Square Crackers
1381,13,Organic Sweetened Cranberries
1382,13,Organic Steel Cut Oats
1383,13,Organic SprouTofu Teriyaki Tofu Cutlets
1384,13,Organic Sage
1385,13,Organic Quinoa & Brown Rice With Garlic
1386,13,Organic Pineapple Chunks
1387,13,Organic Mushroom & Olive Pizza
1388,13,Organic Honey Mustard
1389,13,Organic Daikon Root
1390,13,Organic Classic Rich Crackers
1391,13,Organic Chopped Garlic
1392,13,Organic Chocolate Chip Chewy Granola Bars
1393,13,Organic Cheddar Bunnies
1394,13,Organic Chard Green
1395,13,Organic Brown Rice Cake Salt-Free
1396,13,Organic Baby Spring Mix
1397,13,Non Fat Black Cherry on the Bottom Greek Yogurt
1398,13,New Orleans Iced Coffee
1399,13,Natural Vanilla Ice Cream
1400,13,Milk Chocolate Covered Raisins
1401,13,Master Brew Kombucha
1402,13,Margherita With Cherry Tomatoes Pizza
1403,13,Lite Balsamic Dressing
1404,13,Liquid Aminos All Purpose Seasoning
1405,13,Large Organic Omega3 Brown Eggs
1406,13,Just Green Unsweetened Tea
1407,13,Honey Wheat Enriched Bread
1408,13,Honey Maid Graham Crackers
1409,13,Honey Graham Sticks
1410,13,Heavy Cream
1411,13,Hazelnut Bromstad Design Liquid Coffee Creamer
1412,13,Gluten-Free Chicken Nuggets
1413,13,Gluten Free Plain Bagels
1414,13,Gluten Free Millet-Chia Bread
1415,13,Garnet Sweet Potato (Yam)
1416,13,Garlic Lovers Hommus
1417,13,Frozen Whole Strawberries
1418,13,Fresh Spinach
1419,13,Free & Clear Natural Laundry Detergent For Sensitive Skin
1420,13,Flour Tortillas Soft Taco
1421,13,Farfalle No. 93
1422,13,Everything Deli Style Pretzel Crisps Crackers
1423,13,Elbow Macaroni Pasta
1424,13,Eggo Chocolate Chip Waffles
1425,13,Earl Grey Tea
1426,13,Dark Sweet Cherries
1427,13,Dairy Free Hazelnut Coconut Milk Creamer
1428,13,Cut Green Beans
1429,13,Cultured Pasture Butter
1430,13,Country White Bread
1431,13,Cold Brew Coffee Mocha
1432,13,Cold Brew Coffee Double Espresso with Almond Milk
1433,13,Cola Soft Drink
1434,13,Coho Salmon
1435,13,Coconut Cream Pie
1436,13,Classic Original Hommus
1437,13,Classic Meatless Meatballs
1438,13,Chicken Apple Sausage
1439,13,Chicken & Apple Smoked Chicken Sausage
1440,13,Cheese Puffs Original
1441,13,Cara Cara Navel Orange
1442,13,Calcium Enriched 100% Lactose Free Fat Free Milk
1443,13,Broccoli Rabe
1444,13,Bosc Pear
1445,13,Blue Chips Corn Tortilla Chips
1446,13,Black Berry Hibiscus Beverage
1447,13,Barbecue Potato Chips
1448,13,Bag of Organic Fuji Apples
1449,13,Almond Butter
1450,13,Alaskan Salmon Burgers
1451,13, Wheat Free
1452,13, Vegetable & Fruit
1453,13, Sprouted Corn
1454,13, Slices
1455,13, Reduced Fat
1456,13, Free & Clear
1457,13, Country Buttermilk
1458,12,smartwater® Electrolyte Enhanced Water
1459,12,Zero Calorie Cream Soda
1460,12,Wheat English Muffins
1461,12,Total 0% Peach Yogurt
1462,12,Toasted Coconut Chips Original Recipe
1463,12,Thin Spaghetti Pasta
1464,12,Thick & Crispy Tortilla Chips
1465,12,Strawberry Gelatin
1466,12,Steamfresh Premium Selects Broccoli Florets
1467,12,Stage 1 Apples Sweet Potatoes Pumpkin & Blueberries Organic Pureed Baby Food
1468,12,Spring Mix
1469,12,Special K Red Berries Cereal
1470,12,Sparkling Peach
1471,12,Sonoma Handmade Style Corn Tortillas
1472,12,Soft Taco Size White Flour Tortillas
1473,12,Soft Pretzel Burger Buns
1474,12,Sliced Prosciutto
1475,12,Singles American Cheese Slices
1476,12,Shiitake Mushroom
1477,12,Shelled Edamame
1478,12,Sesame Seaweed Salad
1479,12,Semi-Sweet Chocolate Premium Baking Chips
1480,12,Select-A-Size White Paper Towels
1481,12,Ruby Red Grapefruit Juice
1482,12,Royal Gala Apples
1483,12,Reduced Fat 2% Lactose-Free Milk
1484,12,Red Plum
1485,12,Pure Lemon Juice
1486,12,Pure Butter Shortbread
1487,12,Pure & Natural Light Sour Cream
1488,12,Provolone Slices
1489,12,Plastic Wrap
1490,12,Plastic Cup Squared Base - 30 CT
1491,12,Plain Non-Fat Greek Yogurt
1492,12,Plain Almond Milk Yogurt
1493,12,Pizza Poppers Uncured Pepperoni
1494,12,Pizza
1495,12,Pitted Kalamata Olives
1496,12,Pineapple on the Bottom Greek Yogurt
1497,12,Pepper Greens
1498,12,Pears
1499,12,Peanut Butter Cereal
1500,12,Parmesan Shredded Cheese
1501,12,Parmesan Couscous Mix
1502,12,Original Taco Seasoning Mix
1503,12,Original Fresh Stack Crackers
1504,12,Organic Whole Peeled Baby Carrots
1505,12,Organic White English Muffins
1506,12,Organic Tomato Basil Sauce
1507,12,Organic Sweet Potato Puffs
1508,12,Organic Soft Wheat Bread
1509,12,Organic Roasted Seaweed Snacks Teriyaki
1510,12,Organic Pumpkin
1511,12,Organic Original Acai Berry + Guarana Smoothie Packs
1512,12,Organic Multigrain Bread
1513,12,Organic Living Butter Lettuce
1514,12,Organic Ice Cream Vanilla Bean
1515,12,Organic Honey Nut O's Cereal
1516,12,Organic Homestyle Mini Waffles
1517,12,Organic Ground Turkey
1518,12,Organic Ground Flaxseed
1519,12,Organic Golden Round Crackers
1520,12,Organic Goddess Dressing
1521,12,Organic Gluten Free Non-Dairy Beans & Rice Burrito
1522,12,Organic Freeze Dried Strawberries
1523,12,Organic Fat Free Cottage Cheese
1524,12,Organic Dandelion Greens
1525,12,Organic Chicken & Vegetable Potstickers
1526,12,Organic Cheddar Snack Mix
1527,12,Organic California White Basmati Rice
1528,12,Organic Black Mission Figs
1529,12,Organic Apple Sauce
1530,12,Organic Apple Juice Boxes
1531,12,Organic Animal Crackers
1532,12,Organic Alfalfa Sprouts
1533,12,Organic Acai Berry Smoothie Packs
1534,12,Orange Strawberry Banana Juice
1535,12,Orange Peel In Dark Chocolate Bar
1536,12,Orange Mango Sparkling Water
1537,12,Nectarines
1538,12,Natural Chicken & Maple Breakfast Sausage Patty
1539,12,Natural Cane Turbinado Sugar
1540,12,Multigrain Pita Chips
1541,12,Mint Chocolate Chip Ice Cream
1542,12,Mild Diced Green Chiles
1543,12,Meyer Lemons
1544,12,Limeade
1545,12,Light Sea Salt Plentils
1546,12,Light & Lean Spaghetti Italiano with Meatless Meatballs
1547,12,Lemons
1548,12,Large Grade AA Cage Free Eggs
1549,12,Large Burrito Flour Tortillas
1550,12,Key Limes
1551,12,Honeydew Chunks
1552,12,Homemade Hot Arrabbiata Fra Diavolo Sauce
1553,12,Hazelnut Spread with Cocoa
1554,12,Hamburger Buns
1555,12,Grilled & Ready Chicken Breast Strips
1556,12,Green Dragon with Passion Fruit Tea
1557,12,Greek Whole Milk Blended Blueberry Yogurt
1558,12,Grassfed Whole Milk Plain Yogurt
1559,12,Grade A Goat Milk
1560,12,Goldfish Cheddar Baked Snack Crackers Multi Packs
1561,12,Golden Delicious Apple
1562,12,Goat Milk
1563,12,Gluten Free Old Fashioned Rolled Oats
1564,12,Gluten Free Mushroom Risotto Bowl
1565,12,Gluten Free Blueberry Muffins
1566,12,Fusilli No. 34
1567,12,Fruit & Nutty Almonds Raisins Cranberries Pecans Granola
1568,12,Flip™ Low-Fat Key Lime Crumble Greek Yogurt
1569,12,Fig Newmans Fruit Filled Cookies
1570,12,Essential Greens With Lime  Vegetable and Fruit Juice Blend
1571,12,English Muffins
1572,12,Eggs
1573,12,Double Fiber Bread
1574,12,Disinfecting Wipes Fresh Scent
1575,12,Diet Pepsi Pack
1576,12,Diet Ginger Ale All Natural Soda
1577,12,Deli Fresh Shaved Smoked Turkey Breast
1578,12,Dark Red Kidney Beans No Salt Added
1579,12,Cut Okra
1580,12,Cup Noodles Chicken Flavor
1581,12,Crushed Garlic
1582,12,Creme Fraiche
1583,12,Creamy Swiss Original Wedges Cheese
1584,12,Creamy Peanut Butter Dark Roasted
1585,12,Cream Cheese Cream Cheese Spread
1586,12,Cream Cheese
1587,12,Cookies
1588,12,Classic Peanut Butter
1589,12,Cinnamon Toast Crunch
1590,12,Cinnamon Swirl Raisin Bread
1591,12,Chopped Tomatoes
1592,12,Chocolate Peanut Butter
1593,12,Chocolate Chip Cookie Dough Ice Cream
1594,12,Chicken Tortilla Soup
1595,12,Cheerios Cereal
1596,12,Cannellini White Kidney Beans No Salt Added
1597,12,California Cauliflower
1598,12,Butter Lettuce
1599,12,Breakfast Blend Medium Roast Ground Coffee
1600,12,Boneless Beef Chuck Roast
1601,12,Blueberry Whole Milk Yogurt Pouch
1602,12,Blueberry Crisp Energy Bar
1603,12,Birthday Cake Light Ice Cream
1604,12,Beet Apple Carrot Lemon Ginger Organic Cold Pressed Juice Beverage
1605,12,Beef Skirt Steak
1606,12,Bay Leaves
1607,12,Annie Peely Fruit 4.5 Z
1608,12,Ancient Grain Blueberry Hemp Granola
1609,12,Almonds
1610,12,Almond Nut & Rice Cracker Snacks
1611,12,Almond Meal/Flour
1612,12,Almond Breeze Almond Coconut Milk
1613,12,90% Lean Ground Beef
1614,12,60% Cacao Bittersweet Premium Baking Chips
1615,12,100% Pineapple Juice
1616,12,100% Oatnut Bread
1617,12, Vegetable
1618,11,Zero Soda
1619,11,YoKids Squeeze! Organic Strawberry Flavor Yogurt
1620,11,Whole Milk Greek Blended Vanilla Bean Yogurt
1621,11,Whole Chia Seeds
1622,11,White Paper Towels
1623,11,White Facial Tissues
1624,11,White Chocolate Macadamia Nut Energy Bar
1625,11,Vitamin Water Zero Squeezed Lemonade
1626,11,Vegan Smooth Chocolate Nutritional Shake
1627,11,Vegan Buttery Sticks
1628,11,Variety Pack
1629,11,Vanilla Bean Ice Cream
1630,11,Unsweetened Watermelon Water
1631,11,Unsweetened Iced Coffee
1632,11,Ultra Soft Bathroom Tissue Double Rolls
1633,11,Trop50 No Pulp Orange Juice w/ Calcium + Vitamin D
1634,11,Triple Creme Goat Brie
1635,11,Total 0% Cherry Nonfat Yogurt
1636,11,Tomato Basil Marinara Sauce
1637,11,Thin Stackers Brown Rice Lightly Salted
1638,11,Sugar Free Energy Drink
1639,11,Stringless Sugar Snap Peas
1640,11,Stir Fry Vegetables
1641,11,Smartwater Electrolyte Enhanced Water
1642,11,Sea Salt Roasted Seaweed
1643,11,Red Seedless Grapes Bunch
1644,11,Real Guacamole
1645,11,Real Cheddar Baked Cheese Puffs
1646,11,Raspberry on the Bottom Nonfat Greek Yogurt
1647,11,Rainbow Crisps Fig And Olive Crackers
1648,11,Purple Cauliflower
1649,11,Pure Cane Granulated White Sugar
1650,11,Pretzel Sticks
1651,11,Potato Chips Sea Salt & Vinegar
1652,11,Pizza Roasted Vegetable No Cheese
1653,11,Peanut Butter Whole Grain Clusters
1654,11,Part Skim Ricotta Cheese
1655,11,Original Tofurky Deli Slices
1656,11,Original Roasted Seaweed Snacks
1657,11,Original Recipe Rice Pudding
1658,11,Original Gluten Free Crackers
1659,11,Original Baked Snack Crackers
1660,11,Organics Spinach
1661,11,Organic Thai Coconut Curry Hummus
1662,11,Organic Stage 3 Pear Carrot Apricot Baby Food
1663,11,Organic SprouTofu Extra Firm Tofu
1664,11,Organic Skim Milk with DHA Omega-3
1665,11,Organic Shredded Unsweetened Coconut
1666,11,Organic Quinoa Dark Chocolate Bar
1667,11,Organic Premium Tomato Paste
1668,11,Organic Pitted Prunes
1669,11,Organic Pitted Green Olives
1670,11,Organic Pears
1671,11,Organic Pasture Raised Brown Eggs
1672,11,Organic Parsley
1673,11,Organic Nonfat Milk
1674,11,Organic Long Grain Brown Rice
1675,11,Organic Lentil Vegetable Soup
1676,11,Organic Lentil Beans
1677,11,Organic Lemon Cayenne Sparkling Probiotic Drink
1678,11,Organic Italian Herb Pasta Sauce
1679,11,Organic Italian Dressing
1680,11,Organic Ground Cumin
1681,11,Organic Fuji Red Apple Chips
1682,11,Organic Ezekiel 49 Bread Cinnamon Raisin
1683,11,Organic Extra Virgin Coconut Oil
1684,11,Organic Creamy Butternut Squash Soup
1685,11,Organic Chicken Pot Pie
1686,11,Organic Bran Flakes Cereal
1687,11,Organic Balsamic Vinaigrette
1688,11,Organic Baby Romaine
1689,11,Organic Apple Chicken Sausage
1690,11,Organic Acorn Squash
1691,11,Organic 2% Chocolate Milk
1692,11,Organic 100% Whole Wheat Loaf
1693,11,Onion Powder
1694,11,Olive Hummus
1695,11,Natural Sour Cream
1696,11,Natural Pure Sparkling Water
1697,11,Natural Muenster Cheese
1698,11,Natural Liquid Laundry Detergent - Blue Eucalyptus and Lavender
1699,11,Mountain Spring Water
1700,11,Mediterranee Strawberry Yogurt
1701,11,Maple Quinoa Cluster With Chia Seeds
1702,11,Macrobar Prolonged Powder Banana + Almond Butter
1703,11,Lime Ginger Lemon Agave
1704,11,Light & Lean Pasta & Veggie Bowl
1705,11,Large Grade AA Organic Eggs
1706,11,Krinkle Cut Classic Barbecue Potato Chips
1707,11,Kelp Noodles
1708,11,Italian Dry Salame
1709,11,Iced Oatmeal Cookie Kid Z Bar
1710,11,Honey Bunches of Oats Roasted Oats
1711,11,Hickory Smoked Ultra Thin Deli Slices
1712,11,Hemp Hearts Raw Shelled Hemp Seeds
1713,11,Heavy Duty Scrub Sponges
1714,11,Hearty Thick Cut Bacon
1715,11,Guava Goddess Organic Kambucha
1716,11,Grapeseed Oil
1717,11,Golden Sweet Potato
1718,11,Gluten and Dairy Free Rice Macaroni and Cheeze
1719,11,Gluten Free Sliced Mountain White Bread
1720,11,Gluteen Free Center Cut Applewood Smoked Uncured Bacon
1721,11,Ginger Snap Cookies
1722,11,Ginger Root Beer
1723,11,Garlic Pepper Ramen
1724,11,Garden Salsa Multigrain Chips
1725,11,Garbanzo Beans No Salt Added
1726,11,Fuji Apples
1727,11,Fruit Spread
1728,11,Fresh Mozzarella Cheese
1729,11,French Vanilla Coconut Milk Creamer
1730,11,Fluoride-Free Antiplaque & Whitening Peppermint Toothpaste
1731,11,Fire Grilled Steak Bowl
1732,11,Fennel
1733,11,Fat Free Plain Yogurt
1734,11,Family Size Naturally Flavored Whole Grain Oats Cereal
1735,11,Extralean Ground Turkey Breast
1736,11,Energy Tropical Citrus Vitamin Water Drink
1737,11,Edamame In Pod
1738,11,Distilled White Vinegar
1739,11,Dijon Mustard
1740,11,Diet Cola
1741,11,Diet 12 Oz Ginger Ale
1742,11,Deluxe Plain Bagels
1743,11,Dark Chocolate Covered Banana
1744,11,Dairy Free Coconut Milk Vanilla Yogurt Alternative
1745,11,Cultured Low Fat Buttermilk
1746,11,Crunchy Organic Dark Roasted Peanut Butter
1747,11,Crunchy Oats N' Honey Granola Bars
1748,11,Creme Fraiche French Cultured Cream
1749,11,Creamy Natural Peanut Butter And Flaxseed
1750,11,Corn Starch
1751,11,Coke Zero
1752,11,Coconut Chia Bar
1753,11,Coconut Almond Unsweetened Creamer Blend
1754,11,Clean Care Mega Rolls Toilet Paper
1755,11,Classic Mix Variety
1756,11,Classic Mild Cheddar Macaroni & Cheese
1757,11,Cinnamon Brown Sugar Breakfast Biscuits
1758,11,Chunky Chocolate Chip Flax Muffins
1759,11,Chocolate Fudge Brownie Ice Cream
1760,11,Chik'n Nuggets
1761,11,Cheez-It Baked Snack Crackers
1762,11,Cheese Puffs
1763,11,Challah Bread
1764,11,Caramel Cookie Crunch Gelato
1765,11,Caramel Almond and Sea Salt Nut Bar
1766,11,Cannellini Beans
1767,11,California Sourdough Bread
1768,11,Brown Fertile Large Grade AA Eggs
1769,11,Broccoli Bunch
1770,11,Bread & Butter Pickle Chips
1771,11,Balsamic Vinaigrette Dressing
1772,11,Baking Powder
1773,11,Bag of Large Lemons
1774,11,Baby Spinach Salad
1775,11,Baby Cut Carrots
1776,11,Authentic French Brioche Rolls
1777,11,Apricots
1778,11,Almond Milk Ricotta
1779,11,All Natural Won Ton Wraps
1780,11,Acai Berry Chia Bar
1781,11,80% Lean Ground Beef
1782,11,70% Dark Chocolate Salted Almond Bar
1783,11,34% Cacao Milk Chocolate Bar
1784,11,100% Recycled Aluminum Foil
1785,11,100% Lemon Juice
1786,11,100% Juice
1787,11, Spinach
1788,11, Puffed
1789,11, Jalapeno Lime
1790,11, Clasico
1791,11, Cherry
1792,11, 50% Less Sugar & Calories
1793,10,Wide Egg Noodles
1794,10,Whole Wheat Tandoori Naan
1795,10,Wheat Thins Original
1796,10,Watermelon Agave Frozen Pops
1797,10,Vodka
1798,10,Vitamin Water Zero Rise Orange
1799,10,Villagio Marzano Heavenly Tomatoes
1800,10,Vegan Cheddar Flavor Squares
1801,10,Unsweetened Soymilk
1802,10,Unsweetened Organic Coconut Milk
1803,10,Uncured Bacon + Cranberry Bison Bar
1804,10,Ultra Thin Slices Sharp Cheddar Cheese
1805,10,Ultra Original Scent Dishwashing Liquid
1806,10,Tomato Medley
1807,10,Tempt Unsweetened Original Hemp Milk
1808,10,Sweet & Salty Nut Peanut Granola Bars
1809,10,Strained Non Fat Orange & Ginger Yogurt
1810,10,Straightshot Probiotic Oat Drink
1811,10,Stackers Kosher Dill Pickles
1812,10,Sriracha Chili Sauce
1813,10,Spinach Pizza
1814,10,Special Reserve Extra Sharp Cheddar Cheese
1815,10,Sparkling Grapefruit
1816,10,Sparkling Apple Juice
1817,10,Solid White Albacore Tuna In Water
1818,10,Smok Cured Turkey Bacon
1819,10,Sliced Tamed Jalapeno Peppers
1820,10,Simply Stock Organic Vegetable Unsalted Stock
1821,10,Shredded 3 Cheese Blend
1822,10,Sesame Bagels
1823,10,Semi Soft Part-Skim Cheese
1824,10,Sea Salt Caramel Gelato
1825,10,Sea Salt & Pepper Popcorn
1826,10,Salsa Con Queso Medium
1827,10,S'mores Luna Bar
1828,10,Rosemary
1829,10,Roasted Tomato Salsa
1830,10,Roasted Garlic Pasta Sauce
1831,10,Red Delicious Apple
1832,10,Ramen
1833,10,Quinoa
1834,10,Quick Cooking Rolled Oats Irish Oatmeal
1835,10,Pure Organic Pineapple Juice
1836,10,Premium Original Saltine Crackers
1837,10,Power-C Dragonfruit Vitamin Water Drink
1838,10,Power Grains Waffles 6 ct
1839,10,Pork Chorizo
1840,10,Poppy Seed Dressing
1841,10,Plastic Spoons
1842,10,Phish Food® Ice Cream
1843,10,Petit Suisse Fruit
1844,10,Pecan Nut & Rice Cracker Snacks
1845,10,Peanut Milk Chocolate XXL Bag
1846,10,Peanut Butter & Jelly Fruit & Nut Food Bar
1847,10,Peaches Large
1848,10,Passion Fruit
1849,10,Parchment Paper
1850,10,Paper Towels Choose-A-Sheet
1851,10,Panda Puffs Peanut Butter Cereal
1852,10,Original Puffins Cereal
1853,10,Organic Whole Wheat Tortillas
1854,10,Organic White Corn & Wheat Tortillas
1855,10,Organic Variety Pack
1856,10,Organic Tomato Ketchup
1857,10,Organic Sweet Peas
1858,10,Organic Sunflower Butter Chocolate Macrobar
1859,10,Organic Stage 2 Winter Squash Baby Food Puree
1860,10,Organic Sprouted English Muffin
1861,10,Organic Spicy Taco Seasoning
1862,10,Organic Smoked Chicken Breast
1863,10,Organic Skim Milk
1864,10,Organic Salted Individually Wrapped Quarters Butter
1865,10,Organic Quinoa
1866,10,Organic Pumpkin Puree
1867,10,Organic Promise Autumn Wheat Cereal
1868,10,Organic Powdered Sugar
1869,10,Organic Popcorn
1870,10,Organic Nonfat Greek Yogurt With Lemon
1871,10,Organic Multigrain with Flax English Muffins
1872,10,Organic Mini Sandwich Crackers Peanut Butter
1873,10,Organic Lowfat French Vanilla Yogurt
1874,10,Organic Lemon Lowfat Yogurt
1875,10,Organic Large White Flesh Peach
1876,10,Organic Greek Plain Lowfat Yogurt
1877,10,Organic Gluten & Wheat Free Homestyle Waffles
1878,10,Organic Fresh Carrot Chips
1879,10,Organic Deep Dark Sea Salt Chocolate
1880,10,Organic Cream of Mushroom Condensed Soup
1881,10,Organic Celery Root
1882,10,Organic Capellini
1883,10,Organic Campari Cocktail Tomatoes
1884,10,Organic Berry Basket Blend
1885,10,Organic Bagged Valencia Oranges
1886,10,Organic Bagged Mini Dark Peanut Butter
1887,10,Organic Baby Corn Pieces
1888,10,Organic Apples
1889,10,Organic Almond Butter With Carob Macrobar
1890,10,Organic 4% Milk Fat Whole Milk Cottage Cheese
1891,10,One Bun Multigrain Whole Grain Pita
1892,10,Old Fashioned Oatmeal
1893,10,O'Soy Fruit on the Bottom Strawberry Organic Soy Yogurt
1894,10,Nonfat Probiotic Drinks
1895,10,Non-Fat Greek Yogurt With Strawberries on the Bottom
1896,10,No Sugar Added Variety Fruit Bars
1897,10,No Salt Added Gluten-Free Blue Chips Made with Organic Blue Corn
1898,10,Natural Skinless & Boneless Sardines In Water
1899,10,Muscat Grapes
1900,10,Mocha Frappucino Chilled Coffee Drink
1901,10,Microwave in Bag Green Beans
1902,10,Mexican Casserole Bowl
1903,10,Maple Pumpkin Seeds with Sea Salt Chewy with a Crunch Granola Bars
1904,10,Mango Tango Fruit Smoothie Blend
1905,10,Mango Fruit Nectar
1906,10,Macaroni and Cheese
1907,10,Linguine Pasta
1908,10,Lightly Sweet Popcorn
1909,10,Light and Lean Quinoa Black Beans with Butternut Squash and Chard
1910,10,Light Mozzarella String Cheese
1911,10,Light & Lean Sweet & Sour Asian Noodle Pasta
1912,10,Light
1913,10,Lemongrass & Clementine Zest Natural Dish Liquid
1914,10,Lean Ground Turky
1915,10,Lavender Floral & Mint Natural Dish Liquid
1916,10,Lavender Dish Soap
1917,10,Lactose Free Sour Cream
1918,10,Kosher Salt
1919,10,Kombucha Gingerade
1920,10,Jumbo Veggie Protein Smart Dogs Links
1921,10,Honey Dijon Potato Chips
1922,10,Honey Bunny Grahams
1923,10,Honest Face
1924,10,Hearts Of Romaine
1925,10,Healthy Grains Fiber Cinnamon Oat Clusters
1926,10,Ground Chicken Breast
1927,10,Green Leaf Shreds
1928,10,Grapefruit Juice
1929,10,Grape Fruit Ice Bars
1930,10,Grade A Large Brown Eggs
1931,10,Goo Berry Pie Probugs Kefir
1932,10,Gluten Free Vanilla Granola
1933,10,Gluten Free Uncured Frozen Pepperoni Pizza
1934,10,Gluten Free Mini Pretzels
1935,10,Gluten Free Crunchy Vanilla Cereal
1936,10,Gluten Free Classic Hamburger Buns
1937,10,Ginger Ale Soda
1938,10,Fresh Mozzarella All-Natural Sliced Cheese
1939,10,French Vanilla Yogurt
1940,10,French Baguettes
1941,10,French Baguette
1942,10,Flip™ Low-Fat Almond Coco Loco Lowfat Greek Yogurt
1943,10,Extra Sharp White Cheddar
1944,10,Extra Crunchy Peanut Butter
1945,10,European-Style Cultured Butter
1946,10,Eggo Buttermilk Waffles
1947,10,Easy Open TabsBags
1948,10,Drinking Water
1949,10,Dill & Sour Cream Plentils
1950,10,Diet Green Tea with Ginseng
1951,10,Dark Chocolate Nuts & Sea Salt Bars
1952,10,Dark Brown Sugar
1953,10,Dairy-Free Cheddar Style Shreds
1954,10,Dairy Free Coconut Milk Blueberry Yogurt Alternative
1955,10,Curly Parsley Bunch
1956,10,Crispy Seasoned Potato Puffs with Roasted Garlic & Cracked Pepper
1957,10,Cranberry Juice Cocktail
1958,10,Cran-Raspberry Flavored Sparkling Water
1959,10,Compostable Forks
1960,10,Cold-Pressed Sweet Greens & Lemon Juice
1961,10,Coffee Ice Cream
1962,10,Classic Air-Puffed Vanilla Flavored Marshmallows
1963,10,Clasico Nacho Chipotle Tortilla Chips
1964,10,Cinnamon Raisin Swirl Pre-Sliced Bagels
1965,10,Chopped Pecans
1966,10,Chopped Onions
1967,10,Chocolate Chip Cookie Dough
1968,10,Chocolate Chip Cookie
1969,10,Chocolate Brownie Energy Bar
1970,10,Chicken Taquitos
1971,10,Chicken Pad Thai With Rice Noodles
1972,10,Cherry Garcia Ice Cream
1973,10,Cheese Ravioli with Sauce Bowls
1974,10,Cheese Enchilada Meal
1975,10,Cavatappi No. 87 Macaroni
1976,10,California Orange Juice
1977,10,California Heirloom Monviso Peeled Garlic
1978,10,California Clementines
1979,10,Buttermilk Biscuits
1980,10,Blueberry Muffins
1981,10,Black Bean Tamale Verde
1982,10,Bag of Oranges
1983,10,Atlantic Salmon Fillets
1984,10,Asian Vegetable Ramen
1985,10,Apricot Preserves
1986,10,All Purpose Cleaner
1987,10,All Natural Marinara Pasta Sauce
1988,10,2% Milk
1989,10,15 Grain Whole Grain Bread
1990,10,100% Whole Wheat Pre-Sliced Sandwich Thins
1991,10, White Chocolate
1992,10, Very Vanilla
1993,10, Twin Pack
1994,10, Take & Bake
1995,10, Sheep Milk
1996,10, Real
1997,10, Pitted
1998,10, Peas and Broccoli Puree Stage 1
1999,10, Orange
2000,10, One-Ply
2001,10, Mini
2002,10, Mega Rolls
2003,10, High
2004,10, Hand
2005,10, Grape
2006,10, Chocolate Chip Walnut
2007,10, Brown Rice
2008,10, Americano
2009,10, & Baby Wipes
